id_ban,adresse,nom_commune,code_post,lon,lat,type_batiment,annee_construction,surface_m2,type_chauffage_probable
73039_0062,Route du village 73330 Belmont-Tramonet,Bellecombe-en-Bauges,73330,5.67464,45.563522,Maison Individuelle,1988,115,fioul
73039_0061,Route de verel 73330 Belmont-Tramonet,Bellecombe-en-Bauges,73330,5.694746,45.559397,Maison Individuelle,1988,115,fioul
73039_0024,Route de domessin 73330 Belmont-Tramonet,Bellecombe-en-Bauges,73330,5.677083,45.555593,Maison Individuelle,1988,115,fioul
73039_0047,Route de saint-genix 73330 Belmont-Tramonet,Bellecombe-en-Bauges,73330,5.676424,45.558772,Maison Individuelle,1988,115,fioul
73039_0053,Route de tramonet 73330 Belmont-Tramonet,Bellecombe-en-Bauges,73330,5.661063,45.578896,Maison Individuelle,1988,115,fioul
73039_0031,Route de joudin 73330 Belmont-Tramonet,Bellecombe-en-Bauges,73330,5.659834,45.580002,Maison Individuelle,1988,115,fioul
73039_0009,Route de la belle étoile 73330 Belmont-Tramonet,Bellecombe-en-Bauges,73330,5.688483,45.557634,Maison Individuelle,1988,115,fioul
73039_0003,Route d'avressieux 73330 Belmont-Tramonet,Bellecombe-en-Bauges,73330,5.664502,45.576644,Maison Individuelle,1988,115,fioul
73039_0007,Chemin du barrage 73330 Belmont-Tramonet,Bellecombe-en-Bauges,73330,5.677672,45.555319,Maison Individuelle,1988,115,fioul
73039_0032,Chemin de jubasseau 73330 Belmont-Tramonet,Bellecombe-en-Bauges,73330,5.694188,45.557009,Maison Individuelle,1988,115,fioul
73039_0041,Chemin du plan 73330 Belmont-Tramonet,Bellecombe-en-Bauges,73330,5.65941,45.579538,Maison Individuelle,1988,115,fioul
73039_0011,Chemin du bois 73330 Belmont-Tramonet,Bellecombe-en-Bauges,73330,5.67472,45.556599,Maison Individuelle,1988,115,fioul
73039_0015,Chemin de champuly 73330 Belmont-Tramonet,Bellecombe-en-Bauges,73330,5.6773,45.562717,Maison Individuelle,1988,115,fioul
73039_0027,Chemin de gubin 73330 Belmont-Tramonet,Bellecombe-en-Bauges,73330,5.688128,45.55192,Maison Individuelle,1988,115,fioul
73039_0014,Impasse des chaudannes 73330 Belmont-Tramonet,Bellecombe-en-Bauges,73330,5.674782,45.555327,Maison Individuelle,1988,115,fioul
73039_0036,Impasse du mont grele 73330 Belmont-Tramonet,Bellecombe-en-Bauges,73330,5.673695,45.556649,Maison Individuelle,1988,115,fioul
73039_0008,Place de beauregard 73330 Belmont-Tramonet,Bellecombe-en-Bauges,73330,5.680531,45.5588,Maison Individuelle,1988,115,fioul
73101_0120,Route de Trélod 73630 Doucy-en-Bauges,Doucy-en-Bauges,73630,6.169864,45.689648,Maison Individuelle,1988,115,fioul
73101_0030,Route de La Chapelle 73630 Doucy-en-Bauges,Doucy-en-Bauges,73630,6.168475,45.682096,Maison Individuelle,1988,115,fioul
73101_0090,Route sous Pleuven 73630 Doucy-en-Bauges,Doucy-en-Bauges,73630,6.16803,45.677738,Maison Individuelle,1988,115,fioul
73101_0050,Route de la Dra 73630 Doucy-en-Bauges,Doucy-en-Bauges,73630,6.169111,45.676691,Maison Individuelle,1988,115,fioul
73101_0080,Chemin du Plâne 73630 Doucy-en-Bauges,Doucy-en-Bauges,73630,6.169682,45.677785,Maison Individuelle,1988,115,fioul
73101_0060,Chemin de La Fruitière 73630 Doucy-en-Bauges,Doucy-en-Bauges,73630,6.168528,45.678255,Maison Individuelle,1988,115,fioul
73101_0040,Chemin de Coudre 73630 Doucy-en-Bauges,Doucy-en-Bauges,73630,6.171516,45.690796,Maison Individuelle,1988,115,fioul
73101_0020,Chemin de Brancenet 73630 Doucy-en-Bauges,Doucy-en-Bauges,73630,6.170173,45.686545,Maison Individuelle,1988,115,fioul
73101_0100,Chemin Pré Bocon 73630 Doucy-en-Bauges,Doucy-en-Bauges,73630,6.168447,45.686518,Maison Individuelle,1988,115,fioul
73101_0110,Chemin sur la Quit 73630 Doucy-en-Bauges,Doucy-en-Bauges,73630,6.167294,45.679729,Maison Individuelle,1988,115,fioul
73101_0070,Chemin du Moulin 73630 Doucy-en-Bauges,Doucy-en-Bauges,73630,6.16712,45.687124,Maison Individuelle,1988,115,fioul
73101_0010,Chemin de Bellevarde 73630 Doucy-en-Bauges,Doucy-en-Bauges,73630,6.169325,45.682307,Maison Individuelle,1988,115,fioul
73179_0550,Route de l'épine 73290 La Motte-Servolex,La Motte-en-Bauges,73290,5.85652,45.583734,Maison Individuelle,1988,115,fioul
73179_0760,Route du tremblay 73290 La Motte-Servolex,La Motte-en-Bauges,73290,5.862518,45.634024,Maison Individuelle,1988,115,fioul
73179_0611,Route de montarlet 73290 La Motte-Servolex,La Motte-en-Bauges,73290,5.869426,45.622961,Maison Individuelle,1988,115,fioul
73179_0323,Route de l'école du tremblay 73290 La Motte-Servolex,La Motte-en-Bauges,73290,5.868537,45.627509,Maison Individuelle,1988,115,fioul
73179_0615,Route du noiray 73290 La Motte-Servolex,La Motte-en-Bauges,73290,5.855714,45.604948,Maison Individuelle,1988,115,fioul
73179_0779,Route du villard 73290 La Motte-Servolex,La Motte-en-Bauges,73290,5.84927,45.595679,Maison Individuelle,1988,115,fioul
73179_0612,Route de montaugier 73290 La Motte-Servolex,La Motte-en-Bauges,73290,5.845219,45.59017,Maison Individuelle,1988,115,fioul
73179_0786,Route de villard péron 73290 La Motte-Servolex,La Motte-en-Bauges,73290,5.84732,45.584446,Maison Individuelle,1988,115,fioul
73179_0327,Route de l'église du tremblay 73290 La Motte-Servolex,La Motte-en-Bauges,73290,5.864686,45.629063,Maison Individuelle,1988,115,fioul
73179_0784,Route de villard marin 73290 La Motte-Servolex,La Motte-en-Bauges,73290,5.858554,45.576997,Maison Individuelle,1988,115,fioul
73179_0074,Route de barbizet 73290 La Motte-Servolex,La Motte-en-Bauges,73290,5.846795,45.611824,Maison Individuelle,1988,115,fioul
73179_0429,Route des granges 73290 La Motte-Servolex,La Motte-en-Bauges,73290,5.840201,45.601991,Maison Individuelle,1988,115,fioul
73179_eyqvea,Route de l'Aéroport 73290 La Motte-Servolex,La Motte-en-Bauges,73290,5.884163,45.635715,Maison Individuelle,1988,115,fioul
73179_0303,Route de la curtine 73290 La Motte-Servolex,La Motte-en-Bauges,73290,5.854345,45.590006,Maison Individuelle,1988,115,fioul
73179_0284,Route de la coua 73290 La Motte-Servolex,La Motte-en-Bauges,73290,5.869437,45.623814,Maison Individuelle,1988,115,fioul
73179_0121,Route de chambéry 73290 La Motte-Servolex,La Motte-en-Bauges,73290,5.868356,45.63962,Maison Individuelle,1988,115,fioul
73179_0240,Rue le cheminet 73290 La Motte-Servolex,La Motte-en-Bauges,73290,5.88171,45.595554,Maison Individuelle,1988,115,fioul
73179_0070,Rue auguste renoir 73290 La Motte-Servolex,La Motte-en-Bauges,73290,5.864971,45.588113,Maison Individuelle,1988,115,fioul
73179_0720,Rue des sources 73290 La Motte-Servolex,La Motte-en-Bauges,73290,5.877683,45.588,Maison Individuelle,1988,115,fioul
73179_0608,Rue des moissonneurs 73290 La Motte-Servolex,La Motte-en-Bauges,73290,5.874829,45.589624,Maison Individuelle,1988,115,fioul
73179_0220,Rue des charmilles 73290 La Motte-Servolex,La Motte-en-Bauges,73290,5.876796,45.586872,Maison Individuelle,1988,115,fioul
73179_0617,Rue denis papin 73290 La Motte-Servolex,La Motte-en-Bauges,73290,5.883515,45.60117,Maison Individuelle,1988,115,fioul
73179_0180,Rue charles cabaud 73290 La Motte-Servolex,La Motte-en-Bauges,73290,5.884112,45.590981,Maison Individuelle,1988,115,fioul
73179_0565,Rue de la leysse 73290 La Motte-Servolex,La Motte-en-Bauges,73290,5.887905,45.596941,Maison Individuelle,1988,115,fioul
73179_0761,Rue de la tessonnière 73290 La Motte-Servolex,La Motte-en-Bauges,73290,5.866344,45.590887,Maison Individuelle,1988,115,fioul
73179_0100,Rue de la briquerie 73290 La Motte-Servolex,La Motte-en-Bauges,73290,5.881222,45.598668,Maison Individuelle,1988,115,fioul
73179_0645,Rue pierre grange 73290 La Motte-Servolex,La Motte-en-Bauges,73290,5.868491,45.597134,Maison Individuelle,1988,115,fioul
73179_0330,Rue de l'erier 73290 La Motte-Servolex,La Motte-en-Bauges,73290,5.88761,45.598017,Maison Individuelle,1988,115,fioul
73179_0500,Rue joseph et humbert richard 73290 La Motte-Servolex,La Motte-en-Bauges,73290,5.8693,45.589405,Maison Individuelle,1988,115,fioul
73179_0250,Rue claude monet 73290 La Motte-Servolex,La Motte-en-Bauges,73290,5.865232,45.587364,Maison Individuelle,1988,115,fioul
73179_0241,Rue le cheminet d'en bas 73290 La Motte-Servolex,La Motte-en-Bauges,73290,5.885475,45.594424,Maison Individuelle,1988,115,fioul
73179_0773,Rue de la vanoise 73290 La Motte-Servolex,La Motte-en-Bauges,73290,5.864044,45.589882,Maison Individuelle,1988,115,fioul
73179_0400,Rue général dunoyer 73290 La Motte-Servolex,La Motte-en-Bauges,73290,5.872383,45.598516,Maison Individuelle,1988,115,fioul
73179_0040,Rue des allobroges 73290 La Motte-Servolex,La Motte-en-Bauges,73290,5.877131,45.597075,Maison Individuelle,1988,115,fioul
73179_0606,Rue des meuniers 73290 La Motte-Servolex,La Motte-en-Bauges,73290,5.8735,45.589438,Maison Individuelle,1988,115,fioul
73179_0301,Rue de la curiaz 73290 La Motte-Servolex,La Motte-en-Bauges,73290,5.890446,45.599,Maison Individuelle,1988,115,fioul
73179_0083,Rue des bleuets 73290 La Motte-Servolex,La Motte-en-Bauges,73290,5.871139,45.588959,Maison Individuelle,1988,115,fioul
73179_0314,Rue daniel rops 73290 La Motte-Servolex,La Motte-en-Bauges,73290,5.877139,45.590153,Maison Individuelle,1988,115,fioul
73179_0120,Rue des champagnes 73290 La Motte-Servolex,La Motte-en-Bauges,73290,5.885169,45.589642,Maison Individuelle,1988,115,fioul
73179_0646,Rue pierre et marie curie 73290 La Motte-Servolex,La Motte-en-Bauges,73290,5.871101,45.59425,Maison Individuelle,1988,115,fioul
73179_0320,Rue du docteur gasca 73290 La Motte-Servolex,La Motte-en-Bauges,73290,5.876268,45.594085,Maison Individuelle,1988,115,fioul
73179_0380,Rue du fontanil 73290 La Motte-Servolex,La Motte-en-Bauges,73290,5.874789,45.596269,Maison Individuelle,1988,115,fioul
73179_0300,Rue cure jacquier 73290 La Motte-Servolex,La Motte-en-Bauges,73290,5.879445,45.597325,Maison Individuelle,1988,115,fioul
73179_0329,Rue des épinettes 73290 La Motte-Servolex,La Motte-en-Bauges,73290,5.886537,45.608185,Maison Individuelle,1988,115,fioul
73179_0620,Rue de la pâquerette 73290 La Motte-Servolex,La Motte-en-Bauges,73290,5.876384,45.587854,Maison Individuelle,1988,115,fioul
73179_0602,Rue marc claude de buttet 73290 La Motte-Servolex,La Motte-en-Bauges,73290,5.87594,45.591173,Maison Individuelle,1988,115,fioul
73179_0382,Rue de fontvieille 73290 La Motte-Servolex,La Motte-en-Bauges,73290,5.872501,45.587534,Maison Individuelle,1988,115,fioul
73179_0318,Rue docteur blain 73290 La Motte-Servolex,La Motte-en-Bauges,73290,5.872413,45.596325,Maison Individuelle,1988,115,fioul
73179_0270,Rue des coquelicots 73290 La Motte-Servolex,La Motte-en-Bauges,73290,5.871906,45.590846,Maison Individuelle,1988,115,fioul
73179_0440,Rue henry bordeaux 73290 La Motte-Servolex,La Motte-en-Bauges,73290,5.873972,45.591366,Maison Individuelle,1988,115,fioul
73179_0113,Rue cervantès 73290 La Motte-Servolex,La Motte-en-Bauges,73290,5.87471,45.587173,Maison Individuelle,1988,115,fioul
73179_0625,Rue blaise pascal 73290 La Motte-Servolex,La Motte-en-Bauges,73290,5.887423,45.597899,Maison Individuelle,1988,115,fioul
73179_0601,Rue maître cornille 73290 La Motte-Servolex,La Motte-en-Bauges,73290,5.87291,45.586733,Maison Individuelle,1988,115,fioul
73179_0499,Rue joseph de montfort 73290 La Motte-Servolex,La Motte-en-Bauges,73290,5.867606,45.598467,Maison Individuelle,1988,115,fioul
73179_0560,Rue de leya 73290 La Motte-Servolex,La Motte-en-Bauges,73290,5.877255,45.599188,Maison Individuelle,1988,115,fioul
73179_0776,Rue vaugelas 73290 La Motte-Servolex,La Motte-en-Bauges,73290,5.876774,45.591171,Maison Individuelle,1988,115,fioul
73179_0670,Rue ronsard 73290 La Motte-Servolex,La Motte-en-Bauges,73290,5.87847,45.591688,Maison Individuelle,1988,115,fioul
73179_0076,Rue béatrice de savoie 73290 La Motte-Servolex,La Motte-en-Bauges,73290,5.877568,45.591418,Maison Individuelle,1988,115,fioul
73179_0385,Rue françois buloz 73290 La Motte-Servolex,La Motte-en-Bauges,73290,5.87737,45.597524,Maison Individuelle,1988,115,fioul
73179_0230,Rue de la chartreuse 73290 La Motte-Servolex,La Motte-en-Bauges,73290,5.864292,45.592226,Maison Individuelle,1988,115,fioul
73179_0495,Rue jean rostand 73290 La Motte-Servolex,La Motte-en-Bauges,73290,5.880624,45.590597,Maison Individuelle,1988,115,fioul
73179_0140,Rue de chantabord 73290 La Motte-Servolex,La Motte-en-Bauges,73290,5.885982,45.592346,Maison Individuelle,1988,115,fioul
73179_0607,Rue des minotiers 73290 La Motte-Servolex,La Motte-en-Bauges,73290,5.872506,45.588697,Maison Individuelle,1988,115,fioul
73179_0664,Rue roland garros 73290 La Motte-Servolex,La Motte-en-Bauges,73290,5.874547,45.600364,Maison Individuelle,1988,115,fioul
73179_0497,Rue Jocelyn 73290 La Motte-Servolex,La Motte-en-Bauges,73290,5.871011,45.602309,Maison Individuelle,1988,115,fioul
73179_0460,Rue jean et andré riottot 73290 La Motte-Servolex,La Motte-en-Bauges,73290,5.880885,45.588453,Maison Individuelle,1988,115,fioul
73179_0360,Chemin de la fontaine 73290 La Motte-Servolex,La Motte-en-Bauges,73290,5.871699,45.613302,Maison Individuelle,1988,115,fioul
73179_0580,Chemin louis de pingon 73290 La Motte-Servolex,La Motte-en-Bauges,73290,5.879542,45.588694,Maison Individuelle,1988,115,fioul
73179_0616,Chemin du noiray-dessous 73290 La Motte-Servolex,La Motte-en-Bauges,73290,5.855418,45.609606,Maison Individuelle,1988,115,fioul
73179_0727,Chemin la tessonnière d'en bas 73290 La Motte-Servolex,La Motte-en-Bauges,73290,5.868918,45.591342,Maison Individuelle,1988,115,fioul
73179_0111,Chemin de la Catonnière d'en Haut 73290 La Motte-Servolex,La Motte-en-Bauges,73290,5.871188,45.583177,Maison Individuelle,1988,115,fioul
73179_0112,Chemin des cattis 73290 La Motte-Servolex,La Motte-en-Bauges,73290,5.842562,45.61364,Maison Individuelle,1988,115,fioul
73179_0077,Chemin de beauvoir 73290 La Motte-Servolex,La Motte-en-Bauges,73290,5.866832,45.617708,Maison Individuelle,1988,115,fioul
73179_0085,Chemin des bollonnes 73290 La Motte-Servolex,La Motte-en-Bauges,73290,5.851075,45.603932,Maison Individuelle,1988,115,fioul
73179_0370,Chemin de la fontaine de janon 73290 La Motte-Servolex,La Motte-en-Bauges,73290,5.866167,45.629846,Maison Individuelle,1988,115,fioul
73179_0430,Chemin de la guetta 73290 La Motte-Servolex,La Motte-en-Bauges,73290,5.878211,45.599958,Maison Individuelle,1988,115,fioul
73179_0415,chemin de Gerbat 73290 La Motte-Servolex,La Motte-en-Bauges,73290,5.844828,45.583768,Maison Individuelle,1988,115,fioul
73179_0781,Chemin du villard-dessus 73290 La Motte-Servolex,La Motte-en-Bauges,73290,5.845998,45.595618,Maison Individuelle,1988,115,fioul
73179_0282,Chemin de la côte du noiray 73290 La Motte-Servolex,La Motte-en-Bauges,73290,5.852989,45.606447,Maison Individuelle,1988,115,fioul
73179_0260,Chemin du comte marin 73290 La Motte-Servolex,La Motte-en-Bauges,73290,5.867751,45.606511,Maison Individuelle,1988,115,fioul
73179_0304,Chemin de la curtine d'en bas 73290 La Motte-Servolex,La Motte-en-Bauges,73290,5.861258,45.592223,Maison Individuelle,1988,115,fioul
73179_0672,Chemin des roussettes 73290 La Motte-Servolex,La Motte-en-Bauges,73290,5.862691,45.574202,Maison Individuelle,1988,115,fioul
73179_0762,Chemin du tremblay-dessous 73290 La Motte-Servolex,La Motte-en-Bauges,73290,5.868992,45.627339,Maison Individuelle,1988,115,fioul
73179_0648,Chemin du pont sabatier 73290 La Motte-Servolex,La Motte-en-Bauges,73290,5.870865,45.58794,Maison Individuelle,1988,115,fioul
73179_giu414,Chemin saint étienne 73290 La Motte-Servolex,La Motte-en-Bauges,73290,5.872262,45.604357,Maison Individuelle,1988,115,fioul
73179_0248,Chemin de coirat 73290 La Motte-Servolex,La Motte-en-Bauges,73290,5.873947,45.582811,Maison Individuelle,1988,115,fioul
73179_0116,Chemin du châtel 73290 La Motte-Servolex,La Motte-en-Bauges,73290,5.856582,45.57226,Maison Individuelle,1988,115,fioul
73179_0765,Chemin des 3 murgers 73290 La Motte-Servolex,La Motte-en-Bauges,73290,5.840853,45.613056,Maison Individuelle,1988,115,fioul
73179_0640,Chemin du picolet 73290 La Motte-Servolex,La Motte-en-Bauges,73290,5.873736,45.595233,Maison Individuelle,1988,115,fioul
73179_0676,Chemin du sacré-coeur 73290 La Motte-Servolex,La Motte-en-Bauges,73290,5.840484,45.609815,Maison Individuelle,1988,115,fioul
73179_0447,Chemin des janon 73290 La Motte-Servolex,La Motte-en-Bauges,73290,5.864898,45.629985,Maison Individuelle,1988,115,fioul
73179_0613,Chemin de Montessuie 73290 La Motte-Servolex,La Motte-en-Bauges,73290,5.851488,45.592898,Maison Individuelle,1988,115,fioul
73179_0660,Chemin des rieux 73290 La Motte-Servolex,La Motte-en-Bauges,73290,5.871569,45.624105,Maison Individuelle,1988,115,fioul
73179_0294,Chemin des creux 73290 La Motte-Servolex,La Motte-en-Bauges,73290,5.849432,45.606507,Maison Individuelle,1988,115,fioul
73179_0290,Chemin de la croix rampaud 73290 La Motte-Servolex,La Motte-en-Bauges,73290,5.880525,45.594207,Maison Individuelle,1988,115,fioul
73179_0081,Chemin de berthollet 73290 La Motte-Servolex,La Motte-en-Bauges,73290,5.864328,45.579328,Maison Individuelle,1988,115,fioul
73179_0644,Chemin des plantées 73290 La Motte-Servolex,La Motte-en-Bauges,73290,5.858276,45.570936,Maison Individuelle,1988,115,fioul
73179_0114,Chemin de la Catonnière d'en Bas 73290 La Motte-Servolex,La Motte-en-Bauges,73290,5.871171,45.587068,Maison Individuelle,1988,115,fioul
73179_0383,Chemin du fort 73290 La Motte-Servolex,La Motte-en-Bauges,73290,5.853182,45.614346,Maison Individuelle,1988,115,fioul
73179_0771,Chemin vallet 73290 La Motte-Servolex,La Motte-en-Bauges,73290,5.849837,45.605661,Maison Individuelle,1988,115,fioul
73179_0317,Chemin des dijoud 73290 La Motte-Servolex,La Motte-en-Bauges,73290,5.865482,45.625538,Maison Individuelle,1988,115,fioul
73179_0086,Chemin du bon pas 73290 La Motte-Servolex,La Motte-en-Bauges,73290,5.86327,45.572123,Maison Individuelle,1988,115,fioul
73179_0609,Chemin du molassier 73290 La Motte-Servolex,La Motte-en-Bauges,73290,5.839649,45.582694,Maison Individuelle,1988,115,fioul
73179_0649,Chemin du pont de la charrière 73290 La Motte-Servolex,La Motte-en-Bauges,73290,5.861045,45.626305,Maison Individuelle,1988,115,fioul
73179_0604,Impasse maurice chevalier 73290 La Motte-Servolex,La Motte-en-Bauges,73290,5.868555,45.595457,Maison Individuelle,1988,115,fioul
73179_0075,Impasse de barby 73290 La Motte-Servolex,La Motte-en-Bauges,73290,5.858498,45.598756,Maison Individuelle,1988,115,fioul
73179_0325,Impasse édith piaf 73290 La Motte-Servolex,La Motte-en-Bauges,73290,5.869804,45.596017,Maison Individuelle,1988,115,fioul
73179_0719,Impasse des sources 73290 La Motte-Servolex,La Motte-en-Bauges,73290,5.879029,45.588209,Maison Individuelle,1988,115,fioul
73179_0080,Impasse bernard palissy 73290 La Motte-Servolex,La Motte-en-Bauges,73290,5.884709,45.588856,Maison Individuelle,1988,115,fioul
73179_0092,Place du bourg 73290 La Motte-Servolex,La Motte-en-Bauges,73290,5.877278,45.59658,Maison Individuelle,1988,115,fioul
73179_0520,Place lamartine 73290 La Motte-Servolex,La Motte-en-Bauges,73290,5.871105,45.60468,Maison Individuelle,1988,115,fioul
73146_kiyc8s,Route des Croës 73340 Lescheraines,Lescheraines,73340,6.105206,45.709879,Maison Individuelle,1988,115,fioul
73146_xdynpb,Route de Saint-Martin 73340 Lescheraines,Lescheraines,73340,6.114628,45.723308,Maison Individuelle,1988,115,fioul
73146_tkrmcy,Route du Chéran 73340 Lescheraines,Lescheraines,73340,6.106601,45.716713,Maison Individuelle,1988,115,fioul
73146_hxdqbz,Route de la Fruitière 73340 Lescheraines,Lescheraines,73340,6.101154,45.704623,Maison Individuelle,1988,115,fioul
73146_n154z0,Route du Plateau 73340 Lescheraines,Lescheraines,73340,6.108156,45.713815,Maison Individuelle,1988,115,fioul
73146_556i8o,Route de Chez Lovat 73340 Lescheraines,Lescheraines,73340,6.090055,45.7044,Maison Individuelle,1988,115,fioul
73146_j3rj1p,Route du Plan d'Eau 73340 Lescheraines,Lescheraines,73340,6.110761,45.70548,Maison Individuelle,1988,115,fioul
73146_5zzxvj,Route de Rossillon 73340 Lescheraines,Lescheraines,73340,6.106734,45.703834,Maison Individuelle,1988,115,fioul
73146_oa78un,Route du Crozet 73340 Lescheraines,Lescheraines,73340,6.08841,45.693368,Maison Individuelle,1988,115,fioul
73146_jigghc,Route du Moulin 73340 Lescheraines,Lescheraines,73340,6.105335,45.714125,Maison Individuelle,1988,115,fioul
73146_04j73j,Chemin du Champ de Foire 73340 Lescheraines,Lescheraines,73340,6.108085,45.716515,Maison Individuelle,1988,115,fioul
73146_cgxc2h,Chemin des Fermes 73340 Lescheraines,Lescheraines,73340,6.088172,45.705462,Maison Individuelle,1988,115,fioul
73146_awv6yp,Chemin de la Marnaz 73340 Lescheraines,Lescheraines,73340,6.088011,45.692426,Maison Individuelle,1988,115,fioul
73146_1njxht,Chemin du Champ d'Elysée 73340 Lescheraines,Lescheraines,73340,6.106866,45.700115,Maison Individuelle,1988,115,fioul
73146_sxzm3r,Chemin des Teppes 73340 Lescheraines,Lescheraines,73340,6.097759,45.704545,Maison Individuelle,1988,115,fioul
73146_8cq285,Chemin de la Perrière 73340 Lescheraines,Lescheraines,73340,6.089068,45.692502,Maison Individuelle,1988,115,fioul
73146_w9wva8,Chemin de Traverse 73340 Lescheraines,Lescheraines,73340,6.088456,45.705192,Maison Individuelle,1988,115,fioul
73146_euzegi,Impasse de la Pallud 73340 Lescheraines,Lescheraines,73340,6.102977,45.709349,Maison Individuelle,1988,115,fioul
73146_ift953,Impasse des Tilleuls 73340 Lescheraines,Lescheraines,73340,6.107583,45.715214,Maison Individuelle,1988,115,fioul
73146_i7eyq3,Impasse de la Fenaison 73340 Lescheraines,Lescheraines,73340,6.106367,45.710085,Maison Individuelle,1988,115,fioul
73146_vjcoe5,Impasse de la Source 73340 Lescheraines,Lescheraines,73340,6.105648,45.712485,Maison Individuelle,1988,115,fioul
73146_v2fb5p,Impasse du Relais de Saint-Martin 73340 Lescheraines,Lescheraines,73340,6.118956,45.724755,Maison Individuelle,1988,115,fioul
73146_ox6h97,Impasse des Brilles 73340 Lescheraines,Lescheraines,73340,6.118544,45.722914,Maison Individuelle,1988,115,fioul
73146_42yxjs,Impasse de la Grande Côte 73340 Lescheraines,Lescheraines,73340,6.109577,45.71666,Maison Individuelle,1988,115,fioul
73146_n28c4h,Impasse du Nant d'Orange 73340 Lescheraines,Lescheraines,73340,6.105561,45.718705,Maison Individuelle,1988,115,fioul
73146_2v9qv6,Impasse de la Combe 73340 Lescheraines,Lescheraines,73340,6.108662,45.716614,Maison Individuelle,1988,115,fioul
73146_jxeuth,Impasse des Pommiers 73340 Lescheraines,Lescheraines,73340,6.108923,45.714423,Maison Individuelle,1988,115,fioul
73146_9kb14o,Impasse des Grandes Pièces 73340 Lescheraines,Lescheraines,73340,6.118815,45.723535,Maison Individuelle,1988,115,fioul
73146_lroc3u,Impasse de Chez Poncier 73340 Lescheraines,Lescheraines,73340,6.11233,45.723187,Maison Individuelle,1988,115,fioul
73146_prwhzg,Impasse du Pré du Roi 73340 Lescheraines,Lescheraines,73340,6.110878,45.720902,Maison Individuelle,1988,115,fioul
73146_0gyjp0,Impasse de Beauregard 73340 Lescheraines,Lescheraines,73340,6.113951,45.721958,Maison Individuelle,1988,115,fioul
73146_2jmiu4,Impasse du Bois Millet 73340 Lescheraines,Lescheraines,73340,6.108163,45.715048,Maison Individuelle,1988,115,fioul
73146_57l0vj,Impasse de Marcellaz 73340 Lescheraines,Lescheraines,73340,6.106516,45.706325,Maison Individuelle,1988,115,fioul
73146_gv9wsl,Place Jean Moulin 73340 Lescheraines,Lescheraines,73340,6.105092,45.713971,Maison Individuelle,1988,115,fioul
73146_odcvqz,Place du Couvent 73340 Lescheraines,Lescheraines,73340,6.105714,45.707194,Maison Individuelle,1988,115,fioul
73081_0150,Route du Champet 73630 Le Châtelard,Le Châtelard,73630,6.131302,45.686954,Maison Individuelle,1988,115,fioul
73081_0850,Route du Mont 73630 Le Châtelard,Le Châtelard,73630,6.143032,45.686195,Maison Individuelle,1988,115,fioul
73081_0550,Route des Hameaux 73630 Le Châtelard,Le Châtelard,73630,6.117942,45.68692,Maison Individuelle,1988,115,fioul
73081_0400,Route de la Grand Vys 73630 Le Châtelard,Le Châtelard,73630,6.1347,45.681895,Maison Individuelle,1988,115,fioul
73081_0900,Route de Montlardier 73630 Le Châtelard,Le Châtelard,73630,6.126581,45.677111,Maison Individuelle,1988,115,fioul
73081_tmwdml,Route de la Lavande 73630 Le Châtelard,Le Châtelard,73630,6.121785,45.673784,Maison Individuelle,1988,115,fioul
73081_0001,Rue Amédée V 73630 Le Châtelard,Le Châtelard,73630,6.137174,45.683405,Maison Individuelle,1988,115,fioul
73081_0006,Rue Joseph Communal 73630 Le Châtelard,Le Châtelard,73630,6.130775,45.68759,Maison Individuelle,1988,115,fioul
73081_0080,Rue Henri Bouvier 73630 Le Châtelard,Le Châtelard,73630,6.139869,45.680396,Maison Individuelle,1988,115,fioul
73081_0004,Rue du Grand Pré 73630 Le Châtelard,Le Châtelard,73630,6.143762,45.678541,Maison Individuelle,1988,115,fioul
73081_0070,Rue du Bois Ban 73630 Le Châtelard,Le Châtelard,73630,6.143789,45.678047,Maison Individuelle,1988,115,fioul
73081_0300,Rue des Écuries 73630 Le Châtelard,Le Châtelard,73630,6.13479,45.688458,Maison Individuelle,1988,115,fioul
73081_0100,Rue Capitaine de Courson 73630 Le Châtelard,Le Châtelard,73630,6.135642,45.687988,Maison Individuelle,1988,115,fioul
73081_0011,Chemin de Pré Rond 73630 Le Châtelard,Le Châtelard,73630,6.130278,45.6884,Maison Individuelle,1988,115,fioul
73081_0930,Chemin de la Motte 73630 Le Châtelard,Le Châtelard,73630,6.13272,45.690464,Maison Individuelle,1988,115,fioul
73081_1550,Chemin du Vieux Chêne 73630 Le Châtelard,Le Châtelard,73630,6.114481,45.692363,Maison Individuelle,1988,115,fioul
73081_1100,Chemin du Pré Pilliot 73630 Le Châtelard,Le Châtelard,73630,6.117686,45.684412,Maison Individuelle,1988,115,fioul
73081_1300,Chemin des Ruchers 73630 Le Châtelard,Le Châtelard,73630,6.113048,45.691725,Maison Individuelle,1988,115,fioul
73081_1150,Chemin des Quatre Vys 73630 Le Châtelard,Le Châtelard,73630,6.116254,45.683738,Maison Individuelle,1988,115,fioul
73081_0500,Chemin des Granges 73630 Le Châtelard,Le Châtelard,73630,6.133836,45.690549,Maison Individuelle,1988,115,fioul
73081_1260,Chemin de Rossanaz 73630 Le Châtelard,Le Châtelard,73630,6.128235,45.676833,Maison Individuelle,1988,115,fioul
73081_0420,Chemin Grande Côte 73630 Le Châtelard,Le Châtelard,73630,6.127326,45.679789,Maison Individuelle,1988,115,fioul
73081_0700,Chemin des Mannaux 73630 Le Châtelard,Le Châtelard,73630,6.136458,45.687458,Maison Individuelle,1988,115,fioul
73081_1230,Chemin de Revel 73630 Le Châtelard,Le Châtelard,73630,6.137019,45.681846,Maison Individuelle,1988,115,fioul
73081_0780,Chemin du Marié 73630 Le Châtelard,Le Châtelard,73630,6.126883,45.677105,Maison Individuelle,1988,115,fioul
73081_0220,Chemin Chez Fressoz 73630 Le Châtelard,Le Châtelard,73630,6.14369,45.6718,Maison Individuelle,1988,115,fioul
73081_0250,Chemin des Combes 73630 Le Châtelard,Le Châtelard,73630,6.126592,45.681154,Maison Individuelle,1988,115,fioul
73081_0120,Chemin de la Cascade 73630 Le Châtelard,Le Châtelard,73630,6.108808,45.684025,Maison Individuelle,1988,115,fioul
73081_ynypp0,Le Villaret 73630 Le Châtelard,Le Châtelard,73630,6.114499,45.691302,Maison Individuelle,1988,115,fioul
73081_0350,Impasse de la Fontaine 73630 Le Châtelard,Le Châtelard,73630,6.115625,45.684776,Maison Individuelle,1988,115,fioul
73081_0050,Impasse du Boedet 73630 Le Châtelard,Le Châtelard,73630,6.136056,45.684577,Maison Individuelle,1988,115,fioul
73081_1000,Impasse du Picapou 73630 Le Châtelard,Le Châtelard,73630,6.130098,45.689657,Maison Individuelle,1988,115,fioul
73081_lrfwzc,Impasse de la Fruitière 73630 Le Châtelard,Le Châtelard,73630,6.136276,45.684856,Maison Individuelle,1988,115,fioul
73081_0270,Impasse de la Combette 73630 Le Châtelard,Le Châtelard,73630,6.116932,45.683407,Maison Individuelle,1988,115,fioul
73081_1050,Impasse du Pré de Foire 73630 Le Châtelard,Le Châtelard,73630,6.13551,45.687534,Maison Individuelle,1988,115,fioul
73081_0180,Impasse du Champet 73630 Le Châtelard,Le Châtelard,73630,6.133574,45.687869,Maison Individuelle,1988,115,fioul
73081_y25xvf,Impasse des Mariages 73630 Le Châtelard,Le Châtelard,73630,6.130785,45.690193,Maison Individuelle,1988,115,fioul
73081_1500,Place du Vieux Bourg 73630 Le Châtelard,Le Châtelard,73630,6.137787,45.681493,Maison Individuelle,1988,115,fioul
73081_0005,Place de la Grenette 73630 Le Châtelard,Le Châtelard,73630,6.137341,45.681876,Maison Individuelle,1988,115,fioul
73081_0009,Place René Cassin 73630 Le Châtelard,Le Châtelard,73630,6.136599,45.685952,Maison Individuelle,1988,115,fioul
73081_0800,Place Mellesine 73630 Le Châtelard,Le Châtelard,73630,6.134159,45.690145,Maison Individuelle,1988,115,fioul
73081_0020,Place d’Attilly 73630 Le Châtelard,Le Châtelard,73630,6.116094,45.684237,Maison Individuelle,1988,115,fioul
73004_0126,Route de Motzon 73340 Aillon-le-Jeune,Aillon-le-Jeune,73340,6.099965,45.61321,Maison Individuelle,1988,115,fioul
73004_jgs35m,Route de la Correrie 73340 Aillon-le-Jeune,Aillon-le-Jeune,73340,6.106804,45.609686,Maison Individuelle,1988,115,fioul
73004_pkwpdu,Route des Aillons 73340 Aillon-le-Jeune,Aillon-le-Jeune,73340,6.077409,45.615975,Maison Individuelle,1988,115,fioul
73004_rhdx2l,Route de la Combe 73340 Aillon-le-Jeune,Aillon-le-Jeune,73340,6.086935,45.615062,Maison Individuelle,1988,115,fioul
73004_8pk2fy,Route du Lindar 73340 Aillon-le-Jeune,Aillon-le-Jeune,73340,6.09799,45.602005,Maison Individuelle,1988,115,fioul
73004_0067,Route des Grottes 73340 Aillon-le-Jeune,Aillon-le-Jeune,73340,6.097577,45.613761,Maison Individuelle,1988,115,fioul
73004_28oi6v,Route du Penon 73340 Aillon-le-Jeune,Aillon-le-Jeune,73340,6.096287,45.590946,Maison Individuelle,1988,115,fioul
73004_m99mdz,Route de Panloup 73340 Aillon-le-Jeune,Aillon-le-Jeune,73340,6.09644,45.59946,Maison Individuelle,1988,115,fioul
73004_0066,Route des Ginets 73340 Aillon-le-Jeune,Aillon-le-Jeune,73340,6.11518,45.610706,Maison Individuelle,1988,115,fioul
73004_7jz85g,Route de Chez Curiaz 73340 Aillon-le-Jeune,Aillon-le-Jeune,73340,6.08491,45.621508,Maison Individuelle,1988,115,fioul
73004_pyygie,Route de Saint-Blaise 73340 Aillon-le-Jeune,Aillon-le-Jeune,73340,6.101113,45.604894,Maison Individuelle,1988,115,fioul
73004_0055,Route des Folliets 73340 Aillon-le-Jeune,Aillon-le-Jeune,73340,6.107358,45.614813,Maison Individuelle,1988,115,fioul
73004_ow4ikr,Route du Pré 73340 Aillon-le-Jeune,Aillon-le-Jeune,73340,6.082337,45.621998,Maison Individuelle,1988,115,fioul
73004_sakdh8,Route de Margériaz 73340 Aillon-le-Jeune,Aillon-le-Jeune,73340,6.062,45.642892,Maison Individuelle,1988,115,fioul
73004_py7eef,Route de la Chartreuse 73340 Aillon-le-Jeune,Aillon-le-Jeune,73340,6.110397,45.614312,Maison Individuelle,1988,115,fioul
73004_e014bh,Route du Cernay 73340 Aillon-le-Jeune,Aillon-le-Jeune,73340,6.073476,45.60491,Maison Individuelle,1988,115,fioul
73004_6x1mde,Route du Morbier 73340 Aillon-le-Jeune,Aillon-le-Jeune,73340,6.102289,45.583193,Maison Individuelle,1988,115,fioul
73004_m9ylk0,Route sur la Vy 73340 Aillon-le-Jeune,Aillon-le-Jeune,73340,6.081258,45.623388,Maison Individuelle,1988,115,fioul
73004_xnkr59,Route des Ambruniers 73340 Aillon-le-Jeune,Aillon-le-Jeune,73340,6.063813,45.642309,Maison Individuelle,1988,115,fioul
73004_umxf0p,Rue des Frères Tasset 73340 Aillon-le-Jeune,Aillon-le-Jeune,73340,6.080857,45.618578,Maison Individuelle,1988,115,fioul
73004_0024,Rue de la Chapelle 73340 Aillon-le-Jeune,Aillon-le-Jeune,73340,6.097991,45.611309,Maison Individuelle,1988,115,fioul
73004_kjpq27,Rue de la Ferme de la Mense 73340 Aillon-le-Jeune,Aillon-le-Jeune,73340,6.096893,45.612564,Maison Individuelle,1988,115,fioul
73004_08u1gy,Chemin de Crévibert 73340 Aillon-le-Jeune,Aillon-le-Jeune,73340,6.084707,45.617104,Maison Individuelle,1988,115,fioul
73004_45rhyi,Chemin du Mas Dessous 73340 Aillon-le-Jeune,Aillon-le-Jeune,73340,6.077531,45.615199,Maison Individuelle,1988,115,fioul
73004_j6sa26,Chemin du Moulin 73340 Aillon-le-Jeune,Aillon-le-Jeune,73340,6.081989,45.619849,Maison Individuelle,1988,115,fioul
73004_jlh9lx,Chemin des Grangettes 73340 Aillon-le-Jeune,Aillon-le-Jeune,73340,6.077629,45.615572,Maison Individuelle,1988,115,fioul
73004_sc3dyh,Chemin du Taro 73340 Aillon-le-Jeune,Aillon-le-Jeune,73340,6.080974,45.617204,Maison Individuelle,1988,115,fioul
73004_zh8v2t,Chemin de Roquerand 73340 Aillon-le-Jeune,Aillon-le-Jeune,73340,6.080807,45.623005,Maison Individuelle,1988,115,fioul
73004_6ayyar,Chemin de la Verne 73340 Aillon-le-Jeune,Aillon-le-Jeune,73340,6.081037,45.624002,Maison Individuelle,1988,115,fioul
73004_84zzun,Chemin de la Croisette 73340 Aillon-le-Jeune,Aillon-le-Jeune,73340,6.100073,45.607345,Maison Individuelle,1988,115,fioul
73004_16vaxj,Allée des Grands Chemins 73340 Aillon-le-Jeune,Aillon-le-Jeune,73340,6.081589,45.618937,Maison Individuelle,1988,115,fioul
73004_d266jz,Impasse du Genévrier 73340 Aillon-le-Jeune,Aillon-le-Jeune,73340,6.101346,45.605315,Maison Individuelle,1988,115,fioul
73004_20h8sm,Impasse Pétrillon 73340 Aillon-le-Jeune,Aillon-le-Jeune,73340,6.100276,45.611204,Maison Individuelle,1988,115,fioul
73004_ddjzkj,Impasse du Chaseau 73340 Aillon-le-Jeune,Aillon-le-Jeune,73340,6.100102,45.608053,Maison Individuelle,1988,115,fioul
73004_9dyqsh,Impasse de la Cure 73340 Aillon-le-Jeune,Aillon-le-Jeune,73340,6.080684,45.617558,Maison Individuelle,1988,115,fioul
73004_4c578y,Impasse du P'tit Bauju 73340 Aillon-le-Jeune,Aillon-le-Jeune,73340,6.102035,45.608154,Maison Individuelle,1988,115,fioul
73005_0220,Route du Pré 73340 Aillon-le-Vieux,Aillon-le-Vieux,73340,6.088593,45.634478,Maison Individuelle,1988,115,fioul
73005_0190,Route du Mollard 73340 Aillon-le-Vieux,Aillon-le-Vieux,73340,6.087162,45.628836,Maison Individuelle,1988,115,fioul
73005_0070,Route du Cimeteret 73340 Aillon-le-Vieux,Aillon-le-Vieux,73340,6.092997,45.665756,Maison Individuelle,1988,115,fioul
73005_0130,Route du Drou 73340 Aillon-le-Vieux,Aillon-le-Vieux,73340,6.095153,45.653886,Maison Individuelle,1988,115,fioul
73005_0240,Route sur la Vy 73340 Aillon-le-Vieux,Aillon-le-Vieux,73340,6.081651,45.628683,Maison Individuelle,1988,115,fioul
73005_0050,Route de la Boutique 73340 Aillon-le-Vieux,Aillon-le-Vieux,73340,6.087598,45.628766,Maison Individuelle,1988,115,fioul
73005_0040,Route du Bassin 73340 Aillon-le-Vieux,Aillon-le-Vieux,73340,6.095957,45.651621,Maison Individuelle,1988,115,fioul
73005_0160,Route de Leyat 73340 Aillon-le-Vieux,Aillon-le-Vieux,73340,6.090476,45.642394,Maison Individuelle,1988,115,fioul
73005_0180,Route du Martinet 73340 Aillon-le-Vieux,Aillon-le-Vieux,73340,6.086408,45.643946,Maison Individuelle,1988,115,fioul
73005_0010,Impasse des 4 Chemins 73340 Aillon-le-Vieux,Aillon-le-Vieux,73340,6.094069,45.65166,Maison Individuelle,1988,115,fioul
73005_0150,Impasse de la Grange Neuve 73340 Aillon-le-Vieux,Aillon-le-Vieux,73340,6.096637,45.655397,Maison Individuelle,1988,115,fioul
73005_0020,Impasse de l'Alpage 73340 Aillon-le-Vieux,Aillon-le-Vieux,73340,6.090007,45.63761,Maison Individuelle,1988,115,fioul
73005_0110,Impasse du Creu 73340 Aillon-le-Vieux,Aillon-le-Vieux,73340,6.095316,45.65099,Maison Individuelle,1988,115,fioul
73005_0100,Impasse des Combes 73340 Aillon-le-Vieux,Aillon-le-Vieux,73340,6.10119,45.664141,Maison Individuelle,1988,115,fioul
73005_0120,Impasse de la Croix 73340 Aillon-le-Vieux,Aillon-le-Vieux,73340,6.086725,45.626396,Maison Individuelle,1988,115,fioul
73005_avl12z,Impasse du Chainay 73340 Aillon-le-Vieux,Aillon-le-Vieux,73340,6.097403,45.663109,Maison Individuelle,1988,115,fioul
73005_0140,Impasse du Four 73340 Aillon-le-Vieux,Aillon-le-Vieux,73340,6.088212,45.62902,Maison Individuelle,1988,115,fioul
73005_0030,Impasse de la Bade 73340 Aillon-le-Vieux,Aillon-le-Vieux,73340,6.088329,45.628496,Maison Individuelle,1988,115,fioul
73005_0210,Impasse du Nant 73340 Aillon-le-Vieux,Aillon-le-Vieux,73340,6.095928,45.67016,Maison Individuelle,1988,115,fioul
73005_0080,Impasse du Cimetière 73340 Aillon-le-Vieux,Aillon-le-Vieux,73340,6.094587,45.651983,Maison Individuelle,1988,115,fioul
73005_0090,Impasse du Colombier 73340 Aillon-le-Vieux,Aillon-le-Vieux,73340,6.096093,45.651152,Maison Individuelle,1988,115,fioul
73005_0230,Impasse des Replats 73340 Aillon-le-Vieux,Aillon-le-Vieux,73340,6.098442,45.65461,Maison Individuelle,1988,115,fioul
73138_0107,Route de Léard 73300 Jarrier,Jarsy,73300,6.306531,45.281257,Maison Individuelle,1988,115,fioul
73138_0048,Route du Chef-Lieu 73300 Jarrier,Jarsy,73300,6.321961,45.279476,Maison Individuelle,1988,115,fioul
73138_0022,Route de Bois Feuillet 73300 Jarrier,Jarsy,73300,6.328191,45.283808,Maison Individuelle,1988,115,fioul
73138_0148,Route du Sapey 73300 Jarrier,Jarsy,73300,6.306987,45.287126,Maison Individuelle,1988,115,fioul
73138_0090,Route des Hérouils 73300 Jarrier,Jarsy,73300,6.32076,45.285695,Maison Individuelle,1988,115,fioul
73138_0105,Route de Lalérieux 73300 Jarrier,Jarsy,73300,6.316326,45.276627,Maison Individuelle,1988,115,fioul
73138_0058,Route de La Curiaz 73300 Jarrier,Jarsy,73300,6.315154,45.280954,Maison Individuelle,1988,115,fioul
73138_0161,Route de la Toulaz 73300 Jarrier,Jarsy,73300,6.312353,45.284065,Maison Individuelle,1988,115,fioul
73138_0173,Route de Vers le Pré 73300 Jarrier,Jarsy,73300,6.314822,45.284759,Maison Individuelle,1988,115,fioul
73138_0017,Route de la Balme 73300 Jarrier,Jarsy,73300,6.311773,45.287683,Maison Individuelle,1988,115,fioul
73138_0015,Route Balcon de l'Arvan 73300 Jarrier,Jarsy,73300,6.310424,45.277438,Maison Individuelle,1988,115,fioul
73138_0166,Rue La Tuvière 73300 Jarrier,Jarsy,73300,6.30303,45.286388,Maison Individuelle,1988,115,fioul
73138_0098,Rue Jean-Baptiste Léard 73300 Jarrier,Jarsy,73300,6.314372,45.277842,Maison Individuelle,1988,115,fioul
73138_0025,Rue Bormat 73300 Jarrier,Jarsy,73300,6.306095,45.281118,Maison Individuelle,1988,115,fioul
73138_0100,Rue Jean-Marie PARAZ 73300 Jarrier,Jarsy,73300,6.314433,45.282175,Maison Individuelle,1988,115,fioul
73138_0121,Rue du Molay 73300 Jarrier,Jarsy,73300,6.303197,45.284527,Maison Individuelle,1988,115,fioul
73138_0129,Rue Plan de Touls 73300 Jarrier,Jarsy,73300,6.304984,45.283767,Maison Individuelle,1988,115,fioul
73138_0172,Rue Vers le Four 73300 Jarrier,Jarsy,73300,6.313214,45.278072,Maison Individuelle,1988,115,fioul
73138_0131,Rue Plan du Vlay 73300 Jarrier,Jarsy,73300,6.324659,45.276584,Maison Individuelle,1988,115,fioul
73138_0127,Rue La Picaudière 73300 Jarrier,Jarsy,73300,6.31213,45.282046,Maison Individuelle,1988,115,fioul
73138_0135,Rue Praz Pissiaz 73300 Jarrier,Jarsy,73300,6.305156,45.286529,Maison Individuelle,1988,115,fioul
73138_0159,Rue du Tilleul 73300 Jarrier,Jarsy,73300,6.325838,45.275664,Maison Individuelle,1988,115,fioul
73138_0092,Rue des Hormais 73300 Jarrier,Jarsy,73300,6.326477,45.277949,Maison Individuelle,1988,115,fioul
73138_0010,Rue Ancienne Ecole 73300 Jarrier,Jarsy,73300,6.304263,45.282135,Maison Individuelle,1988,115,fioul
73138_0155,Rue Sous la Croix 73300 Jarrier,Jarsy,73300,6.321641,45.277149,Maison Individuelle,1988,115,fioul
73138_0130,Rue Plan des Villards 73300 Jarrier,Jarsy,73300,6.32547,45.27674,Maison Individuelle,1988,115,fioul
73138_0140,Rue Saint-Antoine 73300 Jarrier,Jarsy,73300,6.310786,45.28497,Maison Individuelle,1988,115,fioul
73138_0123,Chemin de Montfalcon 73300 Jarrier,Jarsy,73300,6.300229,45.274761,Maison Individuelle,1988,115,fioul
73138_0037,Chemin de la Chapelle Rose 73300 Jarrier,Jarsy,73300,6.308791,45.278918,Maison Individuelle,1988,115,fioul
73138_0070,Chemin des Echauds 73300 Jarrier,Jarsy,73300,6.301728,45.280133,Maison Individuelle,1988,115,fioul
73138_0035,Chemin des Chambeaux 73300 Jarrier,Jarsy,73300,6.298627,45.282702,Maison Individuelle,1988,115,fioul
73138_0150,Chemin de la Scierie 73300 Jarrier,Jarsy,73300,6.306586,45.286143,Maison Individuelle,1988,115,fioul
73138_0122,Chemin du Mollard 73300 Jarrier,Jarsy,73300,6.304132,45.282589,Maison Individuelle,1988,115,fioul
73138_0125,Chemin de l'Orgière 73300 Jarrier,Jarsy,73300,6.301658,45.280641,Maison Individuelle,1988,115,fioul
73138_0108,Chemin des Léchères 73300 Jarrier,Jarsy,73300,6.322383,45.27543,Maison Individuelle,1988,115,fioul
73138_0109,Chemin de Lepté 73300 Jarrier,Jarsy,73300,6.324023,45.287383,Maison Individuelle,1988,115,fioul
73138_0158,Chemin des Terreaux 73300 Jarrier,Jarsy,73300,6.327792,45.279259,Maison Individuelle,1988,115,fioul
73138_0165,Impasse des Tufs 73300 Jarrier,Jarsy,73300,6.304555,45.287671,Maison Individuelle,1988,115,fioul
73138_0080,Impasse Four du Cruet 73300 Jarrier,Jarsy,73300,6.31645,45.281656,Maison Individuelle,1988,115,fioul
73138_0138,Impasse de Replatey 73300 Jarrier,Jarsy,73300,6.302399,45.283772,Maison Individuelle,1988,115,fioul
73138_0113,Impasse des Maisons à Colonnes 73300 Jarrier,Jarsy,73300,6.309811,45.285001,Maison Individuelle,1988,115,fioul
73138_0074,Impasse des Erables 73300 Jarrier,Jarsy,73300,6.311176,45.284923,Maison Individuelle,1988,115,fioul
73138_0030,Impasse de la Cantine 73300 Jarrier,Jarsy,73300,6.317144,45.281103,Maison Individuelle,1988,115,fioul
73138_0055,Impasse Combe des Moulins 73300 Jarrier,Jarsy,73300,6.312749,45.28141,Maison Individuelle,1988,115,fioul
73138_0076,Impasse de la Fabrique 73300 Jarrier,Jarsy,73300,6.323439,45.284693,Maison Individuelle,1988,115,fioul
73138_0177,Impasse Zénaïde 73300 Jarrier,Jarsy,73300,6.316457,45.280018,Maison Individuelle,1988,115,fioul
73138_0039,Impasse Chappelier 73300 Jarrier,Jarsy,73300,6.315594,45.282527,Maison Individuelle,1988,115,fioul
73138_0175,Impasse des Vignes 73300 Jarrier,Jarsy,73300,6.323477,45.275737,Maison Individuelle,1988,115,fioul
73138_0084,Impasse Général Ollé-Laprune 73300 Jarrier,Jarsy,73300,6.310904,45.285588,Maison Individuelle,1988,115,fioul
73138_0056,Impasse Croix Saint-Bernard 73300 Jarrier,Jarsy,73300,6.320482,45.28515,Maison Individuelle,1988,115,fioul
73138_0082,Impasse des Frênes 73300 Jarrier,Jarsy,73300,6.312387,45.278436,Maison Individuelle,1988,115,fioul
73138_0115,Impasse Martinton 73300 Jarrier,Jarsy,73300,6.313669,45.277789,Maison Individuelle,1988,115,fioul
73138_0087,Impasse Grégoire 73300 Jarrier,Jarsy,73300,6.313413,45.283483,Maison Individuelle,1988,115,fioul
73138_0088,Impasse des Greniers 73300 Jarrier,Jarsy,73300,6.31645,45.276938,Maison Individuelle,1988,115,fioul
73138_0118,Impasse du Meunier 73300 Jarrier,Jarsy,73300,6.306762,45.282632,Maison Individuelle,1988,115,fioul
73138_0117,Impasse des Mésanges 73300 Jarrier,Jarsy,73300,6.313881,45.283668,Maison Individuelle,1988,115,fioul
73138_0120,Impasse de la Mission 73300 Jarrier,Jarsy,73300,6.313336,45.281048,Maison Individuelle,1988,115,fioul
73138_0111,Impasse des Loisirs 73300 Jarrier,Jarsy,73300,6.318409,45.279884,Maison Individuelle,1988,115,fioul
73138_0114,Impasse du Marronnier 73300 Jarrier,Jarsy,73300,6.3048,45.28146,Maison Individuelle,1988,115,fioul
73138_0124,Impasse de l'Oratoire 73300 Jarrier,Jarsy,73300,6.31277,45.278085,Maison Individuelle,1988,115,fioul
73138_0153,Impasse de la Soëffe 73300 Jarrier,Jarsy,73300,6.310574,45.283687,Maison Individuelle,1988,115,fioul
73138_0141,Impasse Saint-Bernard de Menthon 73300 Jarrier,Jarsy,73300,6.324846,45.283838,Maison Individuelle,1988,115,fioul
73138_0137,Impasse du Replat 73300 Jarrier,Jarsy,73300,6.304954,45.281072,Maison Individuelle,1988,115,fioul
73138_0156,Place du Souvenir Français 73300 Jarrier,Jarsy,73300,6.31636,45.27914,Maison Individuelle,1988,115,fioul
73020_1000,Route de Saint-François 73340 Arith,Arith,73340,6.087371,45.714701,Maison Individuelle,1988,115,fioul
73020_0700,Route de Montagny 73340 Arith,Arith,73340,6.07687,45.718257,Maison Individuelle,1988,115,fioul
73020_0150,Route du Chainay 73340 Arith,Arith,73340,6.075667,45.720688,Maison Individuelle,1988,115,fioul
73020_z179nm,Route de Pré Poulain 73340 Arith,Arith,73340,6.072796,45.717967,Maison Individuelle,1988,115,fioul
73020_0110,Route de Bourchigny 73340 Arith,Arith,73340,6.083335,45.71742,Maison Individuelle,1988,115,fioul
73020_0300,Route des Côtes 73340 Arith,Arith,73340,6.092431,45.71638,Maison Individuelle,1988,115,fioul
73020_0200,Route de Chez Combet 73340 Arith,Arith,73340,6.089615,45.714559,Maison Individuelle,1988,115,fioul
73020_0070,Chemin des Bergers 73340 Arith,Arith,73340,6.072012,45.71851,Maison Individuelle,1988,115,fioul
73020_1100,Chemin du Torrent 73340 Arith,Arith,73340,6.087509,45.712979,Maison Individuelle,1988,115,fioul
73020_0900,Chemin de Rocheret 73340 Arith,Arith,73340,6.08109,45.715499,Maison Individuelle,1988,115,fioul
73020_0090,Chemin du Bois Joli 73340 Arith,Arith,73340,6.073367,45.719351,Maison Individuelle,1988,115,fioul
73020_0280,Chemin du Cœur 73340 Arith,Arith,73340,6.073479,45.71792,Maison Individuelle,1988,115,fioul
73020_0050,Chemin des Barbassons 73340 Arith,Arith,73340,6.081883,45.717202,Maison Individuelle,1988,115,fioul
73020_0500,Chemin des Grégoire 73340 Arith,Arith,73340,6.079518,45.716988,Maison Individuelle,1988,115,fioul
73020_0130,Chemin de la Bruyère 73340 Arith,Arith,73340,6.071504,45.717886,Maison Individuelle,1988,115,fioul
73020_0450,Chemin des Etreillots 73340 Arith,Arith,73340,6.102833,45.716687,Maison Individuelle,1988,115,fioul
73020_0250,Chemin Chez la Rose 73340 Arith,Arith,73340,6.072812,45.71892,Maison Individuelle,1988,115,fioul
73020_0420,Impasse de l'Epinette 73340 Arith,Arith,73340,6.089391,45.715962,Maison Individuelle,1988,115,fioul
73020_0950,Impasse du Sable Blanc 73340 Arith,Arith,73340,6.073366,45.719797,Maison Individuelle,1988,115,fioul
73020_0600,Impasse des Labies 73340 Arith,Arith,73340,6.089177,45.721543,Maison Individuelle,1988,115,fioul
73020_1050,Place Saint-Laurent 73340 Arith,Arith,73340,6.085547,45.713234,Maison Individuelle,1988,115,fioul
73106_ts1bmz,Route de Pré Raboud 73630 École,Ecole,73630,6.169901,45.649282,Maison Individuelle,1988,115,fioul
73106_bruwyu,Route du Jarsin 73630 École,Ecole,73630,6.171231,45.649449,Maison Individuelle,1988,115,fioul
73106_sku2mt,Route d'Ecole 73630 École,Ecole,73630,6.152966,45.627581,Maison Individuelle,1988,115,fioul
73106_0v75ux,Rue Jean Benoit Ballaz 73630 École,Ecole,73630,6.169462,45.650063,Maison Individuelle,1988,115,fioul
73106_a1ff4v,Rue des Maitres de Forge 73630 École,Ecole,73630,6.165548,45.648117,Maison Individuelle,1988,115,fioul
73106_pcghlj,Rue des Écaves 73630 École,Ecole,73630,6.164689,45.650488,Maison Individuelle,1988,115,fioul
73106_miut35,Rue du Souvenir Francais 73630 École,Ecole,73630,6.166584,45.65129,Maison Individuelle,1988,115,fioul
73106_xupoaa,Rue des Moulins d'Antan 73630 École,Ecole,73630,6.169118,45.650674,Maison Individuelle,1988,115,fioul
73106_iwcljj,Rue de Gratteloup 73630 École,Ecole,73630,6.152783,45.627835,Maison Individuelle,1988,115,fioul
73106_qsf6l2,Rue du Sabot de Venus 73630 École,Ecole,73630,6.169653,45.650337,Maison Individuelle,1988,115,fioul
73106_p3ejod,Rue du Pré Benoit 73630 École,Ecole,73630,6.158833,45.631139,Maison Individuelle,1988,115,fioul
73106_eqpdhu,Rue de La Plume 73630 École,Ecole,73630,6.167149,45.650732,Maison Individuelle,1988,115,fioul
73106_xtohen,Chemin des Grands Prés 73630 École,Ecole,73630,6.159056,45.630833,Maison Individuelle,1988,115,fioul
73106_imoh3e,Chemin de la Croix de Fer 73630 École,Ecole,73630,6.159983,45.631724,Maison Individuelle,1988,115,fioul
73106_44jgqr,Chemin du Moutevan 73630 École,Ecole,73630,6.154098,45.62726,Maison Individuelle,1988,115,fioul
73106_37ajbk,Chemin des Andains 73630 École,Ecole,73630,6.160048,45.631149,Maison Individuelle,1988,115,fioul
73106_vj6xd4,Chemin de La Saulce 73630 École,Ecole,73630,6.185815,45.64159,Maison Individuelle,1988,115,fioul
73106_09puxv,Chemin sous l'Arclusaz 73630 École,Ecole,73630,6.16056,45.631215,Maison Individuelle,1988,115,fioul
73106_ni8ta7,Montée du Villard 73630 École,Ecole,73630,6.159911,45.63125,Maison Individuelle,1988,115,fioul
73106_t4igut,Impasse des Baraques 73630 École,Ecole,73630,6.166078,45.647335,Maison Individuelle,1988,115,fioul
73106_9iwabo,Impasse de La Fully 73630 École,Ecole,73630,6.168396,45.64966,Maison Individuelle,1988,115,fioul
73106_c9d07r,Impasse Saint Maurice 73630 École,Ecole,73630,6.166558,45.649921,Maison Individuelle,1988,115,fioul
73106_9sxwrv,Impasse de la Fruitiere 73630 École,Ecole,73630,6.168017,45.650821,Maison Individuelle,1988,115,fioul
73106_ykmwzc,place de bellevaux 73630 École,Ecole,73630,6.167354,45.650111,Maison Individuelle,1988,115,fioul
73106_pvlln1,Place des Fusillés 73630 École,Ecole,73630,6.166293,45.650236,Maison Individuelle,1988,115,fioul
